t,EEG,S1,S2,S3,ES1,ES2,ES3,,f,TS1,TS2,TS3,PSD
0,0.492892366679126,0.000308643060391,0.002182765444166,0.010032166385653,0.000152127808495,0.00107586842568,0.004944778232743,,0,0.021680647640201,0.245129582120538,0.680029961097655,0.315613396952798
1,0.459687240019774,0.000342332535504,0.002357142985497,0.010565536118049,0.000157365898415,0.001083548553335,0.004856842137435,,1,0.263969230970028,0.332690256476414,0.282502262614122,0.293053916686854
2,0.321585743739375,0.000377762560028,0.002537682995572,0.011108951744447,0.000121483053823,0.000816082673506,0.003572480508903,,2,0.24589541691496,0.228550818396435,0.12823196605459,0.200892733788662
3,0.536165133411302,0.000414980788986,0.002724458969794,0.011662287636415,0.00022249823009,0.001460759907013,0.00625291200646,,3,0.081449579699986,0.267870480339608,0.522271321105481,0.290530460381692
4,0.304078901361241,0.000454035252044,0.002917542233701,0.012225409983819,0.000138062540621,0.000887163037099,0.00371748923657,,4,0.205086365787337,0.214149431665933,0.332928672073987,0.250721489842419
5,0.059048216158864,0.000494974335325,0.003117001863924,0.012798176794695,2.92273515453381E-05,0.000184053399829,0.000755709509812,,5,0.162962024848221,0.154612801825881,0.164666942577986,0.160747256417363
6,0.038169015782684,0.000537846762731,0.003322904609622,0.013380437900977,2.052908157534E-05,0.000126831998489,0.000510718145422,,6,0.523172603071401,0.568841457657215,0.463747845103067,0.518587301943894
7,0.094227082554649,0.000582701576784,0.003535314814439,0.013972034970124,5.490626958032E-05,0.000333122400877,0.001316544092586,,7,0.513777241837685,0.818488709908152,0.571989918117182,0.634751956621006
8,-0.11592616260143,0.000629588118979,0.003754294339052,0.014572801522677,-7.29857346527274E-05,-0.000435220936003,-0.001689368958876,,8,0.325550135346721,0.588824687947488,0.648559180046151,0.520978001113453
9,-0.23359336379749,0.000678556009672,0.003979902484364,0.015182562955786,-0.000158506180824,-0.000929678808909,-0.003546545951909,,9,0.107267880244714,0.281099897474756,0.687948374288883,0.358772050669451
10,-0.045871061864744,0.000729655127489,0.004212195915401,0.015801136572737,-3.34700554929771E-05,-0.000193217899422,-0.000724814913261,,10,0.373206481854673,0.386801536072347,0.43864915010437,0.399552389343797
11,0.237138137667442,0.000782935588282,0.004451228585972,0.016428331618489,0.000185663887319,0.001055556057209,0.003895783964992,,11,0.314735484437281,0.316864497774901,0.657863842671612,0.429821274961265
12,0.12557421719577,0.000838447723629,0.004697051664153,0.017063949321254,0.000105287416554,0.000589828585854,0.002142792078285,,12,0.395139805912392,0.601740500076991,0.448934133591695,0.481938146527026
13,0.181024608447172,0.000896242058882,0.004949713458652,0.017707782940136,0.000162241867783,0.000896019940778,0.003205544473206,,13,0.210151422605782,0.391201473592368,0.394972570655331,0.33210848895116
14,0.489082337621626,0.000956369290781,0.00520925934611,0.018359617818826,0.000467743328365,0.002547756738273,0.008979364800671,,14,0.145226020523683,0.060993181286816,0.358728515533456,0.188315905781318
15,0.049644919760306,0.001018880264635,0.005475731699404,0.01901923144537,5.05822289831821E-05,0.000271842260846,0.000944208219008,,15,0.233361798241893,0.205204398998534,0.137536568388685,0.192034255209704
16,-0.061874389611642,0.001083825951082,0.005749169817002,0.019686393518016,-6.70610691684677E-05,-0.000355726373201,-0.001218083582582,,16,0.089805191692645,0.05094831638233,0.166361544093142,0.102371684056039
17,-0.069653600839171,0.00115125742243,0.006029609853436,0.020360866017121,-8.01892249650489E-05,-0.000419984037947,-0.001418207634296,,17,0.088729089022008,0.119418436115346,0.119936107495169,0.109361210877508
18,-0.185799201823027,0.001221225828598,0.006317084750942,0.021042403283123,-0.000226902784199,-0.001173709304573,-0.003909661734442,,18,0.021220040586193,0.044130349157198,0.206410644292674,0.090587011345355
19,-0.278517946924848,0.001293782372663,0.006611624172333,0.021730752100567,-0.000360341610202,-0.001841455990317,-0.006052404460183,,19,0.213256052713516,0.34505236640819,0.45515094082114,0.337819786647615
20,-0.334209479255839,0.001368978286016,0.006913254435155,0.022425651788161,-0.000457525520082,-0.002310475164736,-0.007494865406094,,20,0.098264086760621,0.266372359260413,0.354122892946276,0.239586446322437
21,0.101637347930407,0.001446864803149,0.007221998447186,0.02312683429484,0.000147055501406,0.00073402476893,0.002350550103754,,21,0.120965555153326,0.133232128189998,0.101758023385089,0.118651902242804
22,0.265363701033289,0.001527493136075,0.007537875643336,0.023834024301826,0.000405341231892,0.002000278578644,0.00632468489925,,22,0.12258128068271,0.176060472097331,0.476639298384938,0.258427017054993
23,0.401656639216774,0.001610914448391,0.007860901923992,0.02454693933063,0.000647034483407,0.003157383448003,0.009859441154599,,23,0.302766191848852,0.50411792132416,0.490787802181865,0.432557305118292
24,0.470213048143817,0.001697179829007,0.008191089594887,0.025265289856991,0.000798036100646,0.003851557206031,0.011880068955893,,24,0.231002217172042,0.402653271986601,0.346635257030083,0.326763582062909
25,0.519212915516223,0.001786340265537,0.008528447308514,0.025988779430676,0.000927490937373,0.00442807999188,0.013493709938909,,25,0.180263719683803,0.065043276838275,0.23804241439887,0.161116470306983
26,0.638818890992175,0.001878446617371,0.008872980007173,0.026717104801137,0.001199987184897,0.005668227247978,0.017067391259584,,26,0.1398137596617,0.174723820829494,0.236728019521237,0.183755200004144
27,0.382968205548656,0.001973549588451,0.009224688867678,0.02744995604894,0.00075580674445,0.003532762542399,0.010512460410452,,27,0.119482468734502,0.111068842842302,0.10972460977991,0.113425307118905
28,0.151086943416246,0.002071699699735,0.009583571247791,0.028187016722929,0.000313006775309,0.001447952486841,0.00425869020069,,28,0.19474860902824,0.12730022021563,0.271952319495015,0.198000382912961
29,0.02199327216388,0.002172947261397,0.009949620634427,0.02892796398308,4.77902205176686E-05,0.00021882471454,0.000636220585027,,29,0.316521103099384,0.27784891177614,0.101324205096947,0.231898073324157
30,-0.179975644750962,0.002277342344749,0.010322826593686,0.029672468748944,-0.000409866156815,-0.001857857371851,-0.005340321694444,,30,0.173538207953513,0.055672716669046,0.228554557389275,0.152588494003944
31,-0.292311216677317,0.00238493475391,0.01070317472276,0.03042019585366,-0.000697143179611,-0.00312865802552,-0.008892164461546,,31,0.164140324397073,0.189295611703043,0.075330232412096,0.142922056170738
32,-0.280784673072981,0.002495773997234,0.011090646603759,0.031170804203423,-0.000700775085877,-0.003114083580805,-0.00875228406768,,32,0.130578540995156,0.182967682498595,0.075939879348399,0.129828700947383
33,-0.037932697524687,0.002609909258514,0.011485219759518,0.031923946942361,-9.90008984700941E-05,-0.000435665367142,-0.001210961423159,,33,0.131512484356521,0.10760413828816,0.040842880976142,0.093319834540274
34,0.143720083434814,0.00272738936797,0.01188686761141,0.03267927162272,0.000391980627524,0.00170838160489,0.004696667644206,,34,0.109422670229634,0.056163812332889,0.071470861233588,0.079019114598704
35,0.099257285474867,0.002848262773037,0.012295559439238,0.033436420380294,0.000282710831171,0.001220423853334,0.003318808322944,,35,0.107780660430322,0.106846944299559,0.029200865342927,0.081276156690936
36,0.23125429532548,0.002972577508975,0.012711260343225,0.034195030114979,0.000687421317138,0.002939533553371,0.007907747592873,,36,0.068350603885553,0.109658297566694,0.065920072116426,0.081309657856224
37,0.475771350028334,0.003100381169305,0.013133931208167,0.034954732676393,0.001475072534523,0.006248748182089,0.016630460355327,,37,0.062831699646407,0.091274173909246,0.031516486311478,0.06187411995571
38,0.694341624567453,0.003231720876096,0.013563528669779,0.035715155054438,0.002243918323257,0.009417722531442,0.024798518782177,,38,0.103566418776085,0.11659479652262,0.037890671719233,0.086017295672646
39,0.56331761897298,0.003366643250109,0.014000005083278,0.036475919574708,0.001896489459583,0.007886449529122,0.020547528164674,,39,0.114253468429879,0.108866463156457,0.00898960481312,0.077369845466485
40,0.470418018061467,0.003505194380827,0.014443308494248,0.037236644098648,0.001648906593549,0.006794392556114,0.017516788316146,,40,0.062388504065694,0.101566543876412,0.096935139478218,0.086963395806775
41,0.33713934337284,0.00364741979637,0.014893382611824,0.037996942228336,0.001229688715153,0.005021145234351,0.012810264153037,,41,0.048759363692762,0.089220355018936,0.094877646986662,0.077619121899453
42,0.528460675918446,0.003793364433328,0.015350166784231,0.038756423515787,0.002004643932441,0.008111959514256,0.020481245767334,,42,0.067527180795592,0.082225240861114,0.090865683781256,0.080206035145988
43,0.163361024367306,0.003943072606513,0.015813595976715,0.039514693676654,0.000644144380155,0.002583325237687,0.006455160836578,,43,0.035124619023206,0.042118450670512,0.094667079972503,0.057303383222074
44,0.190115627147663,0.004096587978662,0.016283600751902,0.040271354808205,0.000778825392729,0.00309576696917,0.007656213875448,,44,0.059773618490956,0.089918529265334,0.053993010359527,0.067895052705272
45,0.343517524927959,0.004253953530091,0.016760107252628,0.041026005611451,0.001461307587815,0.00575739056095,0.014093151905326,,45,0.058309616804609,0.087818740879221,0.06305082608122,0.06972639458835
46,0.119636118110901,0.004415211528335,0.017243037187247,0.041778241617295,0.000528218767889,0.002062890033524,0.004998186648592,,46,0.031349926779869,0.043884606801678,0.044973974530736,0.040069502704094
47,0.390226552044273,0.004580403497775,0.017732307817484,0.042527655416565,0.001787395063908,0.006919617339404,0.016595420339733,,47,0.036249978061939,0.058541678295257,0.055850719843848,0.050214125400348
48,0.225864792196675,0.004749570189277,0.018227831948829,0.043273836893799,0.001072760683824,0.004117025475318,0.009774036177571,,48,0.045803036451677,0.03052232196837,0.043164366186608,0.039829908202218
49,0.347411953363315,0.004922751549861,0.018729517923525,0.044016373464637,0.001710222731859,0.006506858407365,0.015291814285319,,49,0.032771276400718,0.005116513337169,0.032811379179596,0.023566389639161
50,0.585020316135955,0.005099986692417,0.019237269616159,0.044754850316678,0.002983595827087,0.011254193552438,0.02618249668088,,50,0.044168109242187,0.023276034968585,0.015856987901928,0.027767044037567
51,0.347592809173007,0.005281313865483,0.019750986431894,0.045488850653657,0.001835746722628,0.0068653008578,0.015811597384756,,51,0.021158413632513,0.032066327247316,0.054913294224312,0.03604601170138
52,0.45763754084327,0.005466770423099,0.020270563307356,0.046217955942786,0.002501799372782,0.009276570743486,0.021151071700459,,52,0.04226432743869,0.029132198914361,0.027265350552697,0.032887292301916
53,0.194986676955353,0.005656392794773,0.020795890714207,0.046941746165107,0.001102921234607,0.00405492162469,0.009153015095216,,53,0.048836655863479,0.039277017939636,0.076525553121418,0.054879742308178
54,0.192539094997528,0.00585021645555,0.021326854665412,0.047659800068704,0.001126395381891,0.004106253296422,0.009176374772991,,54,0.070603643729273,0.046296973895328,0.03584428309029,0.050914966904964
55,0.025688759208575,0.006048275896225,0.021863336724235,0.048371695424611,0.000155372703125,0.000561641992605,0.001242608836273,,55,0.043417415228918,0.031818746424375,0.020522175679908,0.031919445777734
56,-0.082258045069268,0.006250604593707,0.022405214015961,0.049077009285251,-0.000514162514379,-0.001843009104311,-0.004036978841651,,56,0.021168616294153,0.008775506527374,0.03552238153254,0.021822168118022
57,-0.207019616826824,0.006457234981552,0.02295235924238,0.049775318245251,-0.001336774311642,-0.004751588615629,-0.010304467310565,,57,0.022451747223267,0.037448500908246,0.016089258725923,0.025329835619145
58,-0.052538612715369,0.00666819842069,0.023504640699029,0.05046619870445,-0.000350337894334,-0.0012349012147,-0.00265142406895,,58,0.046125522203895,0.070935737081875,0.064649117077341,0.060570125454371
59,-0.106856846598102,0.006883525170356,0.024061922295217,0.05114922713294,-0.000735551793183,-0.002571181139555,-0.005465645117356,,59,0.035362719754902,0.040021594285877,0.081277011954325,0.052220441998368
60,0.086082542591543,0.007103244359246,0.02462406357683,0.051823980337972,0.000611465335093,0.002119702001629,0.004461139994707,,60,0.039991087946171,0.049267033120827,0.048882284903903,0.046046801990301
61,0.254222983156296,0.007327383956924,0.02519091975194,0.052490035732533,0.001862789408261,0.006404110767789,0.013344173469905,,61,0.066681278307743,0.07249332886916,0.042538659094483,0.060571088757129
62,0.36171161938292,0.007555970745485,0.025762341719204,0.053146971605441,0.002733082414359,0.009318538342349,0.019223877164702,,62,0.114338873900984,0.123166388891698,0.035374253589085,0.090959838793922
63,0.081748031685938,0.007789030291499,0.026338176099085,0.053794367392762,0.000636737895072,0.002153094054298,0.004397583650149,,63,0.093241399705331,0.099963413154882,0.129225125295602,0.107476646051939
64,0.298520599476724,0.008026586918262,0.026918265267866,0.054431803950371,0.002396101538592,0.008035656684637,0.016249014745864,,64,0.161311073801019,0.235207690670646,0.33552657841883,0.244015114296832
65,0.315930985423022,0.008268663678353,0.027502447394486,0.05505886382748,0.002612327064034,0.008688875306885,0.017394801105288,,65,0.317759082927953,0.327476398157244,0.119504656006209,0.254913379030469
66,0.015156922557542,0.008515282326537,0.028090556480176,0.055675131540947,0.000129065474779,0.000425766389168,0.000843863657147,,66,0.227482405502164,0.177066241196699,0.130709429301324,0.178419358666729
67,-0.042785661751408,0.008766463293012,0.028682422400908,0.056280193850176,-0.000375078933211,-0.001227196423056,-0.002407985337377,,67,0.127957100449542,0.016167760160151,0.148341715044162,0.097488858551285
68,-0.013405032614331,0.00902222565704,0.029277870952644,0.056873640032419,-0.000120943229186,-0.000392470814998,-0.00076239299953,,68,0.118299359736591,0.127137899025619,0.073760623691125,0.106399294151112
69,0.105186944621951,0.009282587120952,0.029876723899374,0.057455062158309,0.00097640697744,0.003142641302289,0.006043522441497,,69,0.039032718275698,0.106860879218189,0.165548610133761,0.103814069209216
70,0.03735034181748,0.009547563984578,0.030478799023954,0.058024055367408,0.000356604778348,0.001138393561731,0.002167218301609,,70,0.086848025237067,0.062575285550424,0.048428066702377,0.065950459163289
71,0.12494725038884,0.009817171120087,0.031083910181704,0.0585802181436,0.001226628538052,0.003883849108538,0.007319437184221,,71,0.048152186292197,0.069533465393414,0.031297939803961,0.049661197163191
72,0.322309166978141,0.010091421947281,0.031691867356784,0.059123152590129,0.003252557801453,0.010214579367747,0.019055934060446,,72,0.048852608067851,0.086740805765035,0.090401882265752,0.075331765366213
73,0.216532632416595,0.010370328409343,0.032302476721312,0.059652464704096,0.0022455145095,0.006994540318041,0.012916705212516,,73,0.050712706947116,0.048376269103991,0.041052174129834,0.04671371672698
74,0.070120208828175,0.010653900949067,0.03291554069722,0.060167764650209,0.000747053759383,0.002308044587381,0.004218976221997,,74,0.025246413635992,0.065516144088408,0.065850458397242,0.052204338707214
75,-0.071622517754012,0.010942148485584,0.033530858020824,0.060668667033615,-0.000783704224176,-0.002401564473904,-0.004345242681727,,75,0.051667441515502,0.029573954086955,0.036371205226805,0.039204200276421
76,-0.077458131880057,0.011235078391594,0.034148223810096,0.061154791171598,-0.000870248183739,-0.002645057623352,-0.004736935879667,,76,0.058906852535309,0.04280304068778,0.015207459313986,0.038972450845692
77,-0.264314737337079,0.011532696471136,0.034767429634601,0.061625761363963,-0.003048261638557,-0.009189544031755,-0.016288596928113,,77,0.019332932154402,0.034720934200385,0.065918808128407,0.039990891494398
78,-0.38372779994936,0.011835006937898,0.035388263588099,0.062081207161913,-0.004541421174665,-0.013579460530689,-0.023822285042441,,78,0.049531781070427,0.013041485978547,0.047251481013575,0.036608249354183
79,-0.185268691447932,0.012142012394093,0.036010510363758,0.06252076363522,-0.002249534747798,-0.006671620133466,-0.011583140067023,,79,0.050028369704916,0.04024413624944,0.044961563520104,0.045078023158153
80,0.000324395037317,0.01245371380991,0.036633951331981,0.062944071637497,4.03992295609587E-06,1.18838720093918E-05,2.04187444677034E-05,,80,0.042625910347288,0.043194739515657,0.056943354383908,0.047588001415618
81,-0.055950758991548,0.012770110503569,0.037258364620793,0.063350778069386,-0.000714497375081,-0.002084633779317,-0.003544524115687,,81,0.065313178579852,0.051019176579673,0.037051346695435,0.05112790061832
82,-0.179662161347496,0.013091200121973,0.037883525198771,0.063740536139463,-0.002351993308546,-0.006806236016674,-0.011451762488264,,82,0.032174527971316,0.024413973738808,0.060565082311244,0.039051194673789
83,-0.295024053822689,0.013416978622002,0.038509204960477,0.064113005622673,-0.003958331423115,-0.011361141756929,-0.018914878821558,,83,0.030561937448956,0.043836968286567,0.051124937336286,0.041841281023937
84,-0.380050398485634,0.013747440252436,0.039135172814369,0.064467853116097,-0.005224720146096,-0.014873338022905,-0.024501033266286,,84,0.055319704426047,0.068002255344684,0.071700753812315,0.065007571194349
85,-0.443976898684575,0.014082577536547,0.039761194773137,0.064804752291881,-0.006252339100161,-0.017653051943371,-0.028771812942572,,85,0.051663934396283,0.025684917401719,0.093925926250275,0.057091592682759
86,-0.653624953278916,0.01442238125535,0.04038703404645,0.065123384147111,-0.009426828274199,-0.026397973241685,-0.04256626892052,,86,0.065556763323168,0.046440256722098,0.011193939167065,0.041063653070777
87,-0.511412001591531,0.014766840431553,0.041012451136047,0.06542343725047,-0.007551939422283,-0.020974259725661,-0.033458330995261,,87,0.045476283491203,0.040810565083536,0.017292577920027,0.034526475498255
88,-0.250605866962466,0.015115942314202,0.041637203933148,0.065704607985487,-0.003788143828605,-0.01043452758956,-0.016465960247632,,88,0.043468073421824,0.087646497210194,0.070744416377008,0.067286329003009
89,-0.020958776932444,0.015469672364038,0.042261047818143,0.065966600790184,-0.000324225412296,-0.000885739874152,-0.001382579270953,,89,0.095948675562308,0.08824051946913,0.019689397168123,0.067959530733187
90,0.302692340153607,0.01582801423959,0.042883735762495,0.066209128392947,0.004791018670166,0.012980578332479,0.020040996012792,,90,0.105751402011712,0.098625323771259,0.04265172516565,0.082342816982874
91,0.573011490372442,0.016190949784004,0.043505018432836,0.066431912044447,0.009277600266278,0.02492887545088,0.03806624892888,,91,0.06845225823897,0.054988237876973,0.024489149027352,0.049309881714431
92,0.679571733442651,0.016558459012629,0.044124644297185,0.06663468174542,0.011252660694351,0.029985861012578,0.045283046181134,,92,0.021067566995135,0.058399663512257,0.075418169623498,0.051628466710297
93,0.791364737939932,0.016930520101367,0.044742359733249,0.066817176470136,0.013398216603205,0.035407525785117,0.052876757347175,,93,0.039844735258725,0.050569306716701,0.028956246775166,0.039790096250197
94,0.607771976995141,0.017307109375811,0.045357909138759,0.066979144385385,0.010518776081408,0.027567266109629,0.040708047000549,,94,0.06844992626437,0.08113775445598,0.045479228573425,0.065022303097925
95,0.44345844536346,0.017688201301167,0.04597103504377,0.06712034306481,0.007843982250291,0.02038624373226,0.029765082987783,,95,0.027675842788499,0.049203632766795,0.096161728587355,0.057680401380883
96,0.298436200098868,0.018073768472977,0.046581478224896,0.067240539698408,0.005393866784542,0.013901599356426,0.02006701116019,,96,0.026075281352515,0.033376482076386,0.029880120011521,0.029777294480141
97,0.390383293746006,0.018463781608669,0.047188977821397,0.067339511297047,0.007207951879399,0.018421788590424,0.026288220219388,,97,0.036235848007108,0.075272851264313,0.079140845314829,0.063549848195417
98,0.142020038823714,0.018858209539916,0.047793271453075,0.067417044891828,0.002678243651005,0.006787602267278,0.009574571332917,,98,0.069387747237864,0.09163617777149,0.075944024641811,0.078989316550388
99,0.034489202908162,0.019257019205842,0.048394095339926,0.067472937728129,0.000664159242797,0.001669073773736,0.002327087840115,,99,0.05772831792332,0.046295700818565,0.04308097405945,0.049034997600445
100,0.117025765924354,0.019660175647067,0.048991184423462,0.067506997454182,0.002300747113305,0.005733230880697,0.007900058082329,,100,0.04338997897564,0.069700309021029,0.068752983925707,0.060614423974125
101,-0.004546715055643,0.02006764200061,0.049584272489667,0.067519042304025,-9.12418500154333E-05,-0.000225445558252,-0.000306989846186,,101,0.009053398762716,0.016492427793892,0.024135306489416,0.016560377682008
102,-0.091282749972872,0.020479379495655,0.050173092293511,0.067508901274672,-0.001869414078101,-0.004579937839194,-0.006162398155999,,102,0.017757030595112,0.038533579101041,0.05528901718011,0.037193208958754
103,0.000200581150002,0.020895347450188,0.050757375684953,0.067476414297367,4.19121282124604E-06,1.01809727859616E-05,1.35344967777644E-05,,103,0.054946698687353,0.061816528183387,0.029810465183745,0.048857897351495
104,-0.059868095829465,0.021315503268515,0.051336853736379,0.067421432402768,-0.001276118592333,-0.003073439679073,-0.004036392776049,,104,0.068388941172105,0.060861662271565,0.044248959231739,0.05783318755847
105,-0.125562160141791,0.02173980243967,0.051911256871397,0.067343817879923,-0.002729696555381,-0.006518089548448,-0.008455835245198,,105,0.043074704096888,0.059002857952681,0.090501057111444,0.064192873053671
106,-0.330254765550585,0.022168198536719,0.052480314994917,0.067243444428903,-0.007321153210423,-0.017331874124667,-0.022207467974681,,106,0.015945121881434,0.0010390899568,0.016394661193456,0.011126291010564
107,-0.387574000168799,0.022600643216961,0.053043757624468,0.067120197306967,-0.008759421697985,-0.020558381326499,-0.02601404336238,,107,0.036118693039314,0.024059242890378,0.008991590519838,0.02305650881651
108,-0.240489998673724,0.023037086223045,0.053601314022646,0.066973973468109,-0.005540188835226,-0.012890579938216,-0.01610657079052,,108,0.062793154385828,0.043201455584647,0.021086090404003,0.042360233458159
109,-0.314508253053449,0.023477475384996,0.054152713330654,0.066804681695891,-0.007383859769441,-0.017031475267728,-0.021010623735966,,109,0.06526244743978,0.018288195896368,0.064471382438732,0.049340675258293
110,-0.45913261553672,0.023921756623167,0.054697684702842,0.066612242729418,-0.010983258686627,-0.025113491041419,-0.030583853231125,,110,0.078443224675516,0.03111240050035,0.047540690560068,0.052365438578645
111,-0.339936579896068,0.024369873952105,0.055235957442172,0.066396589382362,-0.008284211603777,-0.018776722460177,-0.022570629511404,,111,0.096104011276938,0.059077190310949,0.040252500280663,0.065144567289517
112,-0.148711703782298,0.024821769485362,0.055767261136548,0.066157666654894,-0.00369128763106,-0.008293244418888,-0.009838419326511,,112,0.084859323893976,0.047209118614425,0.053667246438763,0.061911896315721
113,-0.030356044804013,0.025277383441222,0.05629132579591,0.065895431838455,-0.00076732138427,-0.001708782007938,-0.002000324681268,,113,0.037047146195926,0.062428883016991,0.074082656771364,0.057852895328094
114,0.146143551284679,0.025736654149376,0.056807881990047,0.065609854613224,0.003761246035575,0.008302105614986,0.009588457152448,,114,0.042750940258458,0.039145242901979,0.016257156077481,0.032717779745973
115,0.466403019086316,0.026199518058537,0.057316660987014,0.065300917138224,0.012219534321108,0.02673266372829,0.030456544902373,,115,0.065901612802333,0.040811852369558,0.024782398502463,0.043831954558118
116,0.610219558952965,0.026665909744983,0.057817394892113,0.06496861413394,0.016272059683663,0.035281305210875,0.039645119062598,,116,0.054314978727376,0.020009137298048,0.054040128930371,0.042788081651932
117,0.261903326541193,0.027135761922062,0.058309816787319,0.064612952957385,0.007106946315618,0.015271534986606,0.016922347317189,,117,0.054212578488167,0.061007550766002,0.02933940400198,0.048186511085383
118,0.193262518236294,0.027609005450628,0.058793660871108,0.064233953669521,0.005335785919388,0.011362610956281,0.012414015642445,,118,0.051588011110267,0.086565996398884,0.046762476225098,0.061638827911416
119,0.187354561786373,0.028085569350425,0.059268662598581,0.063831649094957,0.00526195953817,0.011104254308822,0.011959150644287,,119,0.081957047873236,0.093694100387108,0.032887076225323,0.069512741495222
120,0.089688807436791,0.028565380812425,0.059734558821809,0.063406084873856,0.002561994939044,0.005357521343491,0.005686816136572,,120,0.067145897856564,0.063970338911191,0.04503719400214,0.058717810256632
121,0.050932613125309,0.0290483652121,0.060191087930325,0.062957319505978,0.001479509147271,0.003065689395147,0.003206580797804,,121,0.041531968450011,0.049271741859792,0.018432205544085,0.036411971951296
122,0.008971895007174,0.029534446123642,0.060637989991667,0.062485424386803,0.000264979949716,0.000544037679651,0.000560612667077,,122,0.026963507905352,0.047196919955781,0.051962287272828,0.042040905044654
123,0.258539408480932,0.030023545335134,0.061075006891907,0.061990483835672,0.007762269651446,0.015790296154803,0.016026983022321,,123,0.021855855797774,0.016206570780496,0.043485816542043,0.027182747706771
124,0.423455792811584,0.030515582864651,0.061501882476059,0.061472595115895,0.012922000335058,0.026043328403305,0.026030926500987,,124,0.028767129630461,0.0421542755015,0.042503427847101,0.037808277659687
125,0.175080480835313,0.031010476977305,0.061918362688311,0.060931868446789,0.005429329220119,0.010840696712005,0.010667980825858,,,,,,
126,0.257840099350125,0.031508144203228,0.062324195711968,0.060368427007583,0.008124063031698,0.016069676814291,0.015565401217246,,,,,,
127,0.58448980576086,0.032008499356481,0.062719132109051,0.059782406933187,0.018708641571566,0.036658693343909,0.034942207416295,,,,,,
128,0.40321199918012,0.032511455554898,0.063102924959438,0.059173957301763,0.013109008990546,0.025443856527008,0.023859649623043,,,,,,
129,0.165531294083604,0.03301692424085,0.063475329999492,0.058543240114098,0.005465334196248,0.0105071535172,0.009690738295934,,,,,,
130,0.11741520876789,0.033524815202924,0.063836105760071,0.057890430264748,0.003936323175956,0.007495329684748,0.006797216955198,,,,,,
131,0.397581354971726,0.034035036598523,0.064185013703843,0.057215715504943,0.013531695967353,0.025518764717253,0.022747901696132,,,,,,
132,0.298785854664271,0.034547494977364,0.064521818361823,0.05651929639725,0.010322302813321,0.01927820664373,0.016887166279076,,,,,,
133,0.172548499499632,0.035062095305882,0.064846287469047,0.055801386261984,0.006049911934343,0.011189129600906,0.009628445469505,,,,,,
134,0.158104148832274,0.035578740992521,0.065158192099299,0.05506221111538,0.005625146561147,0.01030178050131,0.00870556402122,,,,,,
135,0.253680415727221,0.036097333913914,0.065457306798807,0.054302009599533,0.009157186673926,0.016605236801106,0.013775356370033,,,,,,
136,0.07619575832841,0.036617774441933,0.065743409718823,0.053521032904117,0.002790119091902,0.005009368958621,0.004078075688649,,,,,,
137,0.05179348677944,0.037139961471615,0.066016282747011,0.052719544679915,0.001923608103469,0.003419213467685,0.002730529040397,,,,,,
138,0.10554503912514,0.037663792449936,0.066275711637552,0.051897820944176,0.00397522644773,0.006995072577832,0.005477557542063,,,,,,
139,0.220499403175828,0.038189163405439,0.066521486139884,0.051056149977835,0.008420687738684,0.014667947992214,0.011257850598568,,,,,,
140,-0.008193129890643,0.038715968978697,0.066753400126012,0.050194832214648,-0.000317204962685,-0.000546919277874,-0.000411252780174,,,,,,
141,-0.309878344325347,0.0392441024536,0.066971251716275,0.049314180122256,-0.012160897492856,-0.020752940599235,-0.015281396488047,,,,,,
142,-0.159165169582464,0.039773455789462,0.067174843403527,0.048414518075269,-0.00633054883561,-0.010691895341998,-0.007705904979703,,,,,,
143,-0.261613957245686,0.040303919653923,0.067363982175621,0.047496182220384,-0.010544067913175,-0.017623357952792,-0.012425664184737,,,,,,
144,-0.268619105607736,0.040835383456648,0.067538479636137,0.046559520333635,-0.010969164181274,-0.018142125993966,-0.012506776709546,,,,,,
145,-0.230374130384982,0.0413677353838,0.067698152123268,0.045604891669809,-0.009530056065039,-0.015595902924068,-0.010506187259734,,,,,,
146,-0.193648343963636,0.041900862433275,0.06784282082678,0.044632666804134,-0.008114032620852,-0.013137649902928,-0.008643042013301,,,,,,
147,-0.200665549379665,0.042434650450686,0.067972311902993,0.043643227466284,-0.008515172445421,-0.01363970131062,-0.008757692216223,,,,,,
148,-0.292166532029564,0.042968984166087,0.068086456587674,0.042636966366815,-0.012554099088639,-0.019892583899402,-0.012457094599653,,,,,,
149,-0.353705735540578,0.043503747231413,0.068185091306798,0.041614287016096,-0.015387524913258,-0.024117457873572,-0.014719211998025,,,,,,
150,-0.164590843873208,0.04403882225862,0.068268057785081,0.040575603535847,-0.007248386918729,-0.011236297240432,-0.00667837282663,,,,,,
151,-0.306671167966819,0.044574090858527,0.068335203152236,0.039521340463376,-0.013669588504644,-0.020956436563946,-0.012120055639518,,,,,,
152,-0.188017699755242,0.045109433680314,0.068386380046853,0.038451932548622,-0.008481371957834,-0.012857849870997,-0.007229643908936,,,,,,
153,-0.09644799189766,0.045644730451687,0.068421446717852,0.037367824544109,-0.004402342592775,-0.00659911113867,-0.003604051638863,,,,,,
154,-0.056923763247688,0.046179860019678,0.068440267123445,0.036269470987944,-0.002628731418572,-0.003895877562344,-0.002064594779637,,,,,,
155,0.173006667550851,0.046714700392063,0.068442711027515,0.035157335979953,0.008081954640467,0.011841045353016,0.006082453537857,,,,,,
156,0.200641435271706,0.047249128779387,0.068428654093374,0.034031892951108,0.009480133013634,0.013729623371006,0.006828207846723,,,,,,
157,0.220149748610425,0.047783021637571,0.068397977974815,0.032893624426354,0.010519420201358,0.015057797656617,0.007241523148348,,,,,,
158,0.317703372357998,0.048316254711082,0.068350570404409,0.031743021780988,0.015350237061419,0.021715206720073,0.010084865068653,,,,,,
159,0.46971870893066,0.048848703076655,0.068286325278969,0.030580584990714,0.022945149742104,0.032075364547657,0.014364272900183,,,,,,
160,0.172247073150147,0.049380241187537,0.068205142742146,0.02940682237554,0.008505602016002,0.011748136211123,0.005065239084833,,,,,,
161,-0.070513268787904,0.049910742918237,0.068106929264068,0.028222250337642,-0.003519369630798,-0.004802442209516,-0.001990043123858,,,,,,
162,0.010277553382607,0.050440081609766,0.067991597717986,0.027027393093375,0.000518400631367,0.000698787275115,0.00027777547531,,,,,,
163,-0.081898744860681,0.050968130115339,0.067859067453871,0.025822782399564,-0.004174225884342,-0.005557572451888,-0.002114853467335,,,,,,
164,-0.031054148229422,0.051494760846524,0.067709264368895,0.024608957274259,-0.001599125936367,-0.002102653532217,-0.000764210206966,,,,,,
165,0.055476916770156,0.052019845819813,0.067542120974759,0.02338646371211,0.002885900656942,0.003747028623797,0.001297408900905,,,,,,
166,0.155813308576183,0.052543256703595,0.067357576461806,0.022155854394535,0.008186938670355,0.010495206846187,0.003452176977545,,,,,,
167,0.312964950144082,0.053064864865507,0.067155576759881,0.020917688394857,0.016607442787036,0.021017341732553,0.006546503305626,,,,,,
168,-0.089389792498101,0.053584541420145,0.066936074595881,0.019672530878588,-0.004789911038653,-0.005983401818763,-0.001758523453149,,,,,,
169,0.228854941583573,0.054102157277111,0.066699029547967,0.018420952799048,0.012381546043199,0.015264402510881,0.00421572607674,,,,,,
170,0.21834119051351,0.054617583189366,0.066444408096369,0.017163530588491,0.011925268136537,0.014507551166727,0.003747505702106,,,,,,
171,0.073419018796947,0.055130689801878,0.066172183670775,0.015900845844949,0.004047641150853,0.00485829679676,0.001167424499978,,,,,,
172,-0.048258358552671,0.055641347700537,0.065882336694238,0.014633485014968,-0.002685160107686,-0.003179373426478,-0.000706187966727,,,,,,
173,-0.06764971846779,0.056149427461304,0.06557485462358,0.013362039072444,-0.003798492959885,-0.004436120453851,-0.000903938181406,,,,,,
174,-0.292335330785276,0.05665479969959,0.065249731986258,0.01208710319375,-0.016562199610753,-0.019074801983853,-0.003533487310381,,,,,,
175,-0.097318511194975,0.057157335119821,0.064906970413649,0.010809276429369,-0.005562466757733,-0.006316649726833,-0.001051942689201,,,,,,
176,-0.111697753770844,0.057656904565177,0.064546578670731,0.009529161372219,-0.00644014672931,-0.007209707851114,-0.001064385920597,,,,,,
177,0.275443398160094,0.058153379067482,0.064168572682141,0.008247363822905,0.016017964344839,0.017674809714652,0.002271681917244,,,,,,
178,0.289429580776233,0.058646629897208,0.063772975554559,0.006964492452075,0.016974069505088,0.018457785579609,0.002015730130723,,,,,,
179,0.101704867432691,0.059136528613581,0.06335981759542,0.005681158460125,0.006014472803074,0.006444001849102,0.000577801468051,,,,,,
180,-0.024196095925922,0.059622947114764,0.062929136327918,0.004397975234445,-0.001442642547775,-0.001522639419126,-0.000106413830652,,,,,,
181,-0.112259612486285,0.06010575768808,0.062480976502284,0.003115558004439,-0.006747449066258,-0.007014090209911,-0.000349751334257,,,,,,
182,-0.35535755193576,0.060584833060266,0.062015390103324,0.001834523494524,-0.021529277960733,-0.022037637209458,-0.000651911777983,,,,,,
183,-0.442349196397352,0.061060046447721,0.061532436354201,0.000555489575342,-0.027009862478134,-0.027218823773652,-0.00024572036726,,,,,,
184,-0.264989932359927,0.061531271606728,0.061032181716444,-0.0007209250866,-0.016305167501087,-0.016172913704819,0.000191037889935,,,,,,
185,-0.3168232074175,0.061998382883626,0.060514699886184,-0.001994101380637,-0.019642526519889,-0.019172461313848,0.000631777595329,,,,,,
186,-0.173850661329411,0.062461255264906,0.059980071786589,-0.003263420104771,-0.010858930535269,-0.010427575146684,0.00056734774341,,,,,,
187,-0.338369162878742,0.062919764427202,0.059428385556522,-0.004528262319393,-0.02129010801776,-0.020108733071995,0.001532224330308,,,,,,
188,-0.196638493350535,0.063373786787158,0.05885973653538,-0.005788009701671,-0.012461725951745,-0.011574089911327,0.001138145507235,,,,,,
189,-0.272187993585647,0.063823199551138,0.058274227244156,-0.007042044900371,-0.017371908630041,-0.015861544991341,0.001916760072172,,,,,,
190,-0.287850106704928,0.064267880764767,0.057671967362681,-0.008289751890892,-0.018499516335838,-0.016600881959231,0.002386205966351,,,,,,
191,-0.341781309154921,0.064707709362264,0.057053073703087,-0.009530516330277,-0.022115885618251,-0.019499674221553,0.003257352348284,,,,,,
192,0.088009259817456,0.065142565215543,0.056417670179471,-0.010763725911976,0.00573314894723,0.004965277393121,-0.000947307550391,,,,,,
193,0.27256176225901,0.065572329183074,0.055765887773781,-0.011988770720121,0.017872509597567,0.01519964864556,-0.003267680474795,,,,,,
194,0.043612775654397,0.065996883158454,0.055097864497926,-0.013205043583095,0.002878307259079,0.002402970803384,-0.000575908603296,,,,,,
195,0.122210299135509,0.066416110118685,0.054413745352135,-0.014411940426158,0.008116732685021,0.006649920096568,-0.001761287550604,,,,,,
196,0.212517633441445,0.066829894172116,0.053713682279561,-0.015608860622897,0.0142025309526,0.011415104641478,-0.003317158120295,,,,,,
197,0.192768179023137,0.067238120606045,0.052997834117165,-0.016795207345276,0.012961370070165,0.010216295974936,-0.003237581536265,,,,,,
198,0.107212529690495,0.067640675933932,0.05226636654289,-0.017970387912059,0.007251927976852,0.005603609374794,-0.001926650747571,,,,,,
199,0.020773098301161,0.068037447942223,0.051519452019151,-0.019133814135368,0.001413348594264,0.001070218641216,-0.00039746860191,,,,,,
200,0.318354453272887,0.068428325736742,0.050757269732656,-0.020284902665158,0.0217844622283,0.016158802855364,-0.00645778909766,,,,,,
201,0.327421357865419,0.068813199788634,0.049980005530598,-0.021423075331381,0.022530911313859,0.01636452127695,-0.007014372414654,,,,,,
202,0.069523384656193,0.069191961979846,0.04918785185324,-0.022547759483609,0.004810459387842,0.003419705944805,-0.001567596555714,,,,,,
203,0.029193744800396,0.069564505648095,0.048381007662916,-0.023658388327898,0.002030848425056,0.001412422790897,-0.000690676951233,,,,,,
204,0.07530474203933,0.069930725631335,0.047559678369497,-0.024754401260673,0.005266115254291,0.003581469311088,-0.001864123801273,,,,,,
205,-0.095898190236198,0.070290518311666,0.046724075752339,-0.0258352441994,-0.006740733496853,-0.004480754305108,0.002477553163033,,,,,,
206,-0.277264013310988,0.070643781658686,0.045874417878775,-0.02690036990985,-0.019586978418152,-0.012719325209374,0.007458504520755,,,,,,
207,-0.272417077611256,0.070990415272256,0.045010929019154,-0.027949238329711,-0.019339001466878,-0.012261745743966,0.00761384982724,,,,,,
208,-0.071662306032144,0.071330320424649,0.044133839558512,-0.028981316888363,-0.005111695251642,-0.003162732716816,0.002076868000068,,,,,,
209,0.003067796814526,0.07166340010207,0.043243385904883,-0.029996080822576,0.000219848750551,0.000132661921528,-9.20218811957721E-05,,,,,,
210,-0.111186534682116,0.071989559045521,0.042339810394312,-0.030993013487945,-0.008004269603565,-0.004707616796841,0.003446005769081,,,,,,
211,0.040295880104655,0.072308703790993,0.041423361192622,-0.03197160666584,0.002913742858485,0.00166919079615,-0.00128832402896,,,,,,
212,0.047099675665248,0.072620742708958,0.04049429219397,-0.032931360865675,0.003420413428161,0.00190726802863,-0.001551056415989,,,,,,
213,-0.105659581137945,0.07292558604314,0.039552862916263,-0.033871785622292,-0.007705286875557,-0.004179138928539,0.003578878681246,,,,,,
214,-0.326866733382365,0.073223145948562,0.038599338393465,-0.034792399788266,-0.023934210524187,-0.012616839651393,0.011372478065324,,,,,,
215,-0.182628196626436,0.073513336528817,0.03763398906488,-0.035692731820927,-0.01342560807825,-0.006873027554778,0.006518499245127,,,,,,
216,-0.068818046998396,0.073796073872573,0.036657090661435,-0.036572320063921,-0.00507850168006,-0.002522669387963,0.002516835640999,,,,,,
217,-0.130192068869892,0.074071276089282,0.035668924089056,-0.037430713023112,-0.009643492677897,-0.004643811021517,0.004873181967754,,,,,,
218,-0.118225442795307,0.074338863344062,0.034669775309172,-0.038267469636647,-0.008788745035752,-0.004098849537541,0.004524188542449,,,,,,
219,-0.043439154077093,0.074598757891758,0.03365993521643,-0.039082159538999,-0.00324050693802,-0.001462159112091,0.00169769594988,,,,,,
220,0.139572456865889,0.074850884110142,0.03263969951367,-0.039874363318814,0.010447121793837,0.004555603052487,-0.00556536285437,,,,,,
221,-0.219944778692774,0.075095168532247,0.031609368584236,-0.04064367277039,-0.016516790223722,-0.006952315577878,0.008939363612745,,,,,,
222,-0.134713464112179,0.075331539877811,0.030569247361699,-0.041389691138626,-0.010148172693845,-0.004118089207397,0.005575748671817,,,,,,
223,-0.000365304621469,0.075559929083821,0.029519645197039,-0.042112033357253,-2.76023912921739E-05,-1.07836628145974E-05,1.53837204048525E-05,,,,,,
224,-0.05659460567405,0.075780269334135,0.028460875723384,-0.04281032628023,-0.004288754460839,-0.001610732038703,0.002422833534607,,,,,,
225,-0.115011032204391,0.075992496088164,0.027393256718357,-0.043484208906099,-0.008739975414888,-0.003150526730618,0.005001163750882,,,,,,
226,-0.234582042223803,0.076196547108612,0.02631710996413,-0.044133332595197,-0.017874341631141,-0.006173521400814,0.010352887290324,,,,,,
227,0.062556818866878,0.076392362488245,0.025232761105233,-0.044757361279542,0.00477886318299,0.001578481265971,-0.002799878142524,,,,,,
228,-0.00777848780429,0.076579884675674,0.02414053950422,-0.045355971665271,-0.000595675699004,-0.000187776892123,0.00035280087245,,,,,,
229,-0.004329085231315,0.076759058500158,0.023040778095259,-0.045928853427498,-0.000332296506523,-9.97454921701814E-05,0.000198829921064,,,,,,
230,-0.043353548993839,0.076929831195388,0.021933813235726,-0.046475709397443,-0.003335181205817,-0.000950908646737,0.002014886944385,,,,,,
231,-0.050516644763019,0.077092152422253,0.020819984555893,-0.04699625574172,-0.003894436877931,-0.001051755763782,0.002374093156496,,,,,,
232,-0.251630716550718,0.077245974290583,0.019699634806786,-0.047490222133664,-0.019437459861398,-0.004957033222219,0.011949998624647,,,,,,
233,-0.249195191646873,0.077391251379834,0.018573109706294,-0.047957351916577,-0.019285527719389,-0.004628329632738,0.011950741501728,,,,,,
234,-0.117933662089005,0.077527940758731,0.017440757783626,-0.048397402258779,-0.009143153967897,-0.00205685243503,0.005707682883972,,,,,,
235,-0.157694208996974,0.077656002003839,0.016302930222191,-0.048810144300371,-0.012245901809863,-0.002570877685721,0.007697077096475,,,,,,
236,0.019504696222525,0.07777539721706,0.015159980700993,-0.049195363291605,0.001516985496305,0.000295690818312,-0.00095954061656,,,,,,
237,-0.115847791750564,0.077886091042047,0.014012265234628,-0.049552858722767,-0.009022931655304,-0.001623289984855,0.00574058925796,,,,,,
238,0.059546172488214,0.077988050679522,0.012860142011976,-0.049882444445482,0.004643889917782,0.000765772234468,-0.002970308641084,,,,,,
239,0.035741930816624,0.078081245901497,0.011703971233673,-0.050183948785376,0.002790774489087,0.000418322530114,-0.001793671225592,,,,,,
240,-0.128166483801348,0.07816564906438,0.01054411494845,-0.050457214645994,-0.010018216394632,-0.00135140213774,0.006466923783587,,,,,,
241,-0.18361687505275,0.078241235120968,0.009380936888446,-0.050702099603926,-0.01436641109318,-0.001722498316523,0.009309761087886,,,,,,
242,0.058703384415052,0.07830798163132,0.008214802303568,-0.050918475995066,0.00459694354847,0.00048223669752,-0.002989086870167,,,,,,
243,0.081279012286138,0.078365868772494,0.007046077795006,-0.051106230991944,0.006369500410773,0.000572698243669,-0.004153863976692,,,,,,
244,0.074379965999108,0.07841487934716,0.005875131147984,-0.051265266672091,0.005832496059666,0.000436992055027,-0.003813108792005,,,,,,
245,0.251232833769397,0.078454998791063,0.004702331163849,-0.051395500077374,0.019710471669653,0.001181379983616,-0.012912237127434,,,,,,
246,0.274129179276336,0.078486215179358,0.003528047491594,-0.051496863264277,0.021515361751623,0.000967140763319,-0.014116792861942,,,,,,
247,0.216629088848431,0.078508519231784,0.002352650458898,-0.051569303345082,0.017007228988021,0.00050965252529,-0.011171411196194,,,,,,
248,0.248037714464848,0.078521904316703,0.001176510902788,-0.051612782519928,0.019476393682143,0.00029181907537,-0.012801916613414,,,,,,
249,0.180807581475542,0.078526366453978,1.54965215751567E-14,-0.05162727809973,0.014198162400606,2.80188858728764E-15,-0.009334603291377,,,,,,
250,0.079722446617394,0.078521904316703,-0.001176510902757,-0.051612782519928,0.006259958325184,-9.37943276398183E-05,-0.00411469729922,,,,,,
251,0.154679945502116,0.078508519231785,-0.002352650458867,-0.051569303345082,0.012143693476224,-0.000363907844763,-0.007976737030999,,,,,,
252,0.099645522613005,0.078486215179358,-0.003528047491563,-0.051496863264276,0.007820799929464,-0.0003515541361,-0.005131431852899,,,,,,
253,0.137932697524687,0.078454998791064,-0.004702331163818,-0.051395500077373,0.010821509617548,-0.00064860522208,-0.007089119966302,,,,,,
254,0.26005859728234,0.07841487934716,-0.005875131147953,-0.051265266672089,0.020392463529087,-0.001527878365186,-0.013331973340049,,,,,,
255,0.13637733756134,0.078365868772495,-0.007046077794975,-0.051106230991942,0.010687328538874,-0.000960925329929,-0.006969731715476,,,,,,
256,0.024257586901217,0.078307981631321,-0.008214802303537,-0.050918475995064,0.001899562669481,-0.000199271280754,-0.001235159356328,,,,,,
257,-0.09893295072282,0.07824123512097,-0.009380936888415,-0.050702099603924,-0.007740636258715,0.000928083766915,0.005016108321659,,,,,,
258,-0.022885494158357,0.078165649064381,-0.010544114948419,-0.050457214645991,-0.001788859505047,0.000241307281057,0.001154738291028,,,,,,
259,0.079724858028189,0.078081245901499,-0.011703971233642,-0.050183948785373,0.006225016244161,-0.000933097444968,-0.004000908192208,,,,,,
260,0.208611147952109,0.077988050679524,-0.012860142011946,-0.049882444445479,0.016269176778803,-0.002682768987939,-0.010406033998429,,,,,,
261,0.29965396255079,0.077886091042049,-0.014012265234597,-0.049552858722763,0.023338875808342,-0.00419883080186,-0.014848710471995,,,,,,
262,0.1762017868554,0.077775397217063,-0.015159980700962,-0.049195363291601,0.013704163963035,-0.002671215688203,-0.008668310916981,,,,,,
263,0.143671855218896,0.077656002003842,-0.016302930222161,-0.048810144300367,0.011156981876774,-0.002342272230522,-0.007012643985136,,,,,,
264,0.029609713162686,0.077527940758734,-0.017440757783596,-0.048397402258774,0.00229558008796,-0.000516415835312,-0.001433033198701,,,,,,
265,-0.059151906823087,0.077391251379838,-0.018573109706264,-0.047957351916572,-0.004577840090542,0.00109863485476,0.002836768812051,,,,,,
266,0.005394446520937,0.077245974290587,-0.019699634806756,-0.047490222133659,0.000416699277268,-0.000106268626447,-0.000256183463567,,,,,,
267,0.329024946044683,0.077092152422258,-0.020819984555863,-0.046996255741715,0.025365241291202,-0.006850294295144,-0.01546294050972,,,,,,
268,0.145854181989173,0.076929831195392,-0.021933813235696,-0.046475709397437,0.011220537599569,-0.003199138387396,-0.00677867657653,,,,,,
269,0.178215314869965,0.076759058500163,-0.02304077809523,-0.045928853427493,0.013679639779729,-0.00410621952309,-0.008185225075197,,,,,,
270,0.200219438382426,0.07657988467568,-0.024140539504191,-0.045355971665265,0.015332781501156,-0.004833405261778,-0.009081147174109,,,,,,
271,-0.135617743160636,0.076392362488251,-0.025232761105204,-0.044757361279535,-0.010360159795366,0.003422010114799,0.006069892326556,,,,,,
272,-0.100030142634949,0.076196547108619,-0.026317109964101,-0.044133332595191,-0.007621951475566,0.002632504263449,0.004414663554453,,,,,,
273,-0.054237451621071,0.07599249608817,-0.027393256718328,-0.043484208906093,-0.004121639330147,0.001485740436004,0.002358472676825,,,,,,
274,-0.102569358203017,0.075780269334142,-0.028460875723355,-0.042810326280223,-0.007772733590055,0.00291921375684,0.004391027691024,,,,,,
275,0.060678329856883,0.075559929083829,-0.029519645197011,-0.042112033357246,0.004584850300911,-0.001791202768522,-0.002555287850995,,,,,,
276,-0.060036894585177,0.075331539877819,-0.030569247361671,-0.041389691138618,-0.004522671718584,0.001835282681401,0.002484908523802,,,,,,
277,-0.060661449981312,0.075095168532255,-0.031609368584208,-0.040643672770382,-0.004555381809758,0.001917470131312,0.002465504122817,,,,,,
278,-0.065886977175997,0.07485088411015,-0.032639699513642,-0.039874363318805,-0.004931698492969,0.002150531136887,0.002627201265894,,,,,,
279,0.020459614897696,0.074598757891767,-0.033659935216403,-0.039082159538991,0.001526261858312,-0.000688669312009,-0.000799605933538,,,,,,
280,0.00964841630596,0.074338863344071,-0.034669775309145,-0.038267469636638,0.000717252301255,-0.000334508425417,-0.00036922047803,,,,,,
281,0.194263253716587,0.074071276089291,-0.035668924089028,-0.037430713023103,0.014389327100045,-0.006929161250105,-0.0072714121008,,,,,,
282,0.371936001157477,0.073796073872583,-0.036657090661408,-0.036572320063911,0.02744741661729,-0.013634091714671,-0.013602562477623,,,,,,
283,0.316750865093623,0.073513336528827,-0.037633989064853,-0.035692731820917,0.023285412941425,-0.011920598593216,-0.01130570368183,,,,,,
284,0.314821736456914,0.073223145948573,-0.038599338393439,-0.034792399788256,0.023052237956368,-0.012151910739111,-0.010953403716842,,,,,,
285,0.030520020738133,0.072925586043151,-0.039552862916237,-0.033871785622282,0.002225690398377,-0.001207154196456,-0.00103376759963,,,,,,
286,0.257695414702372,0.072620742708969,-0.040494292193944,-0.032931360865664,0.018714032408382,-0.010435193419998,-0.008486260694991,,,,,,
287,0.058975873834987,0.072308703791006,-0.041423361192596,-0.031971606665829,0.00426446899195,-0.002442978923516,-0.001885553441026,,,,,,
288,0.09470092477604,0.071989559045534,-0.042339810394287,-0.030993013487934,0.006817477815831,-0.004009619199181,-0.002935067038904,,,,,,
289,0.167593050314086,0.071663400102083,-0.043243385904858,-0.029996080822565,0.012010287818987,-0.007247290949704,-0.005027134682522,,,,,,
290,-0.026173452778548,0.071330320424662,-0.044133839558488,-0.028981316888352,-0.001866960773314,0.00115513496562,0.000758541129037,,,,,,
291,0.067470068363496,0.07099041527227,-0.04501092901913,-0.0279492383297,0.004789728171573,-0.003036890458025,-0.001885737020812,,,,,,
292,-0.293131096347918,0.0706437816587,-0.045874417878751,-0.026900369909838,-0.020707889167778,0.013447218407121,0.007885334923835,,,,,,
293,-0.317703372357998,0.07029051831168,-0.046724075752316,-0.025835244199389,-0.022331534712413,0.014844396436821,0.008207944207838,,,,,,
294,-0.179710389563414,0.06993072563135,-0.047559678369473,-0.024754401260661,-0.012567277945662,0.008546968327289,0.004448623093963,,,,,,
295,-0.261650128407625,0.069564505648111,-0.048381007662893,-0.023658388327886,-0.018201561835441,0.012658896867486,0.006190220343909,,,,,,
296,-0.134038269089331,0.069191961979862,-0.049187851853217,-0.022547759483597,-0.009274370818675,0.006593054522628,0.003022262653024,,,,,,
297,-0.197518658291033,0.068813199788651,-0.049980005530576,-0.021423075331369,-0.013591890894967,0.009871983633778,0.00423145709592,,,,,,
298,-0.115739278264749,0.068428325736758,-0.050757269732633,-0.020284902665145,-0.007919845033638,0.005874609765544,0.002347759994135,,,,,,
299,-0.162577315858643,0.06803744794224,-0.051519452019129,-0.019133814135355,-0.011061345664322,0.008375894223778,0.003110724144264,,,,,,
300,-0.266665862863068,0.06764067593395,-0.052266366542869,-0.017970387912046,-0.018037459212568,0.013937655732872,0.00479208899855,,,,,,
301,-0.160141790954798,0.067238120606063,-0.052997834117143,-0.016795207345263,-0.01076763305429,0.008487168072245,0.002689614583728,,,,,,
302,-0.339381955413014,0.066829894172134,-0.05371368227954,-0.015608860622884,-0.022680860164184,0.018229454524464,0.005297365639963,,,,,,
303,-0.15184653781695,0.066416110118703,-0.054413745352115,-0.014411940426145,-0.010085056376794,0.008262538841372,0.002188403256934,,,,,,
304,-0.328217123428062,0.065996883158473,-0.055097864497906,-0.013205043583082,-0.021661307145492,0.018084062592532,0.004334121419581,,,,,,
305,-0.313507517573156,0.065572329183093,-0.055765887773761,-0.011988770720107,-0.020557418143681,0.017483025041215,0.003758569747215,,,,,,
306,-0.154426747368548,0.065142565215562,-0.056417670179452,-0.010763725911962,-0.010059754461483,0.008712397299924,0.001662207182151,,,,,,
307,-0.021037147783311,0.064707709362283,-0.057053073703068,-0.009530516330264,-0.001361265644574,0.001200233942984,0.000200494880491,,,,,,
308,0.09043393337272,0.064267880764787,-0.057671967362662,-0.008289751890878,0.005811997247089,-0.005215502853949,-0.000749674870176,,,,,,
309,0.415546365401078,0.063823199551158,-0.058274227244138,-0.007042044900358,0.026521498601751,-0.024215643327858,-0.002926296163335,,,,,,
310,0.370525325841884,0.063373786787178,-0.058859736535362,-0.005788009701658,0.023481592999153,-0.021809023058733,-0.002144604180683,,,,,,
311,0.373467247012865,0.062919764427223,-0.059428385556504,-0.00452826231938,0.023498471203333,-0.022194555548207,-0.001691157662171,,,,,,
312,0.240116230000362,0.062461255264927,-0.059980071786572,-0.003263420104757,0.014997961135305,-0.014402188712543,-0.000783600132462,,,,,,
313,0.410952627834915,0.061998382883647,-0.060514699886167,-0.001994101380623,0.02547839836755,-0.024868674940862,-0.000819481202536,,,,,,
314,0.687348533259383,0.061531271606749,-0.061032181716428,-0.000720925086586,0.042293429288484,-0.041950380584407,-0.000495526800855,,,,,,
315,0.488467427868675,0.061060046447743,-0.061532436354185,0.000555489575356,0.029825843833871,-0.030056590916422,0.000271338564082,,,,,,
316,0.45362254186812,0.060584833060288,-0.062015390103308,0.001834523494538,0.027482645971464,-0.028131578893606,0.000832181210709,,,,,,
317,0.506975005727101,0.060105757688102,-0.062480976502269,0.003115558004453,0.030472116848157,-0.031676293420073,0.001579510037151,,,,,,
318,0.23528135135461,0.059622947114786,-0.062929136327904,0.004397975234459,0.014028167568911,-0.014806052234808,0.001034761556388,,,,,,
319,0.168931383305803,0.059136528613603,-0.063359817595406,0.005681158460139,0.009990015582599,-0.010703461632395,0.000959725957451,,,,,,
320,0.102599500837965,0.05864662989723,-0.063772975554545,0.006964492452089,0.006017114953285,-0.006543075458848,0.000714553449174,,,,,,
321,0.015097842993043,0.058153379067505,-0.064168572682128,0.008247363822919,0.000877990586676,-0.000968807035442,0.000124517404105,,,,,,
322,0.200388237138138,0.0576569045652,-0.064546578670718,0.009529161372233,0.011553765464662,-0.012934375113123,0.001909531848787,,,,,,
323,-0.008362652069593,0.057157335119844,-0.064906970413636,0.010809276429383,-0.000477986906832,0.000542794410461,-9.03942179029819E-05,,,,,,
324,-0.023772893331244,0.056654799699613,-0.065249731986246,0.012087103193764,-0.001346848509962,0.001551174918401,-0.000287345414909,,,,,,
325,-0.100372562967964,0.056149427461328,-0.065574854623569,0.013362039072458,-0.005635861943477,0.006581916224819,-0.001341182108181,,,,,,
326,0.07534573602286,0.05564134770056,-0.065882336694227,0.014633485014982,0.004192338295803,-0.004963953149132,0.001102570699033,,,,,,
327,0.101616850938642,0.055130689801902,-0.066172183670765,0.015900845844963,0.005602207087744,-0.006724208924356,0.001615793882026,,,,,,
328,0.136100025319813,0.054617583189389,-0.066444408096359,0.017163530588505,0.007433454454983,-0.009043085624274,0.002335956947673,,,,,,
329,0.270487948974548,0.054102157277134,-0.066699029547957,0.018420952799062,0.014633981556991,-0.01804128370102,0.004982645740775,,,,,,
330,0.041951313616031,0.053584541420169,-0.066936074595872,0.019672530878602,0.002247941902089,-0.002808056257597,0.000825288512509,,,,,,
331,0.04015842968929,0.05306486486553,-0.067155576759872,0.02091768839487,0.002131001644674,-0.002696862507555,0.000840021518668,,,,,,
332,-0.312434439768987,0.052543256703619,-0.067357576461797,0.022155854394548,-0.016416322971833,0.021044826666038,-0.006922251955364,,,,,,
333,-0.139596570973848,0.052019845819837,-0.06754212097475,0.023386463712123,-0.007261792099038,0.009428648484376,-0.003264670141417,,,,,,
334,-0.183978586672133,0.051494760846548,-0.067709264368886,0.024608957274272,-0.009473933321567,0.012457054763198,-0.004527521178795,,,,,,
335,-0.474891185087836,0.050968130115363,-0.067859067453861,0.025822782399577,-0.024204315712196,0.03222567296212,-0.012263011736,,,,,,
336,-0.44536345989221,0.05044008160979,-0.067991597717976,0.027027393093388,-0.022464169262982,0.030280973203277,-0.012037013299938,,,,,,
337,0.014797622348955,0.049910742918261,-0.068106929264058,0.028222250337655,0.00073856032486,-0.001007820618597,0.000417622202334,,,,,,
338,0.142791690278397,0.049380241187561,-0.068205142742136,0.029406822375553,0.007051088105527,-0.009739127617829,0.004199049872722,,,,,,
339,0.211227528665646,0.04884870307668,-0.068286325278959,0.030580584990727,0.010318190829409,-0.014423951730333,0.006459461392741,,,,,,
340,0.367064951349787,0.048316254711106,-0.068350570404398,0.031743021781,0.017735203684936,-0.025089098800221,0.011651750745738,,,,,,
341,0.479738120787567,0.047783021637595,-0.068397977974805,0.032893624426366,0.022923337005972,-0.032813117419302,0.015780325568197,,,,,,
342,0.419995418319488,0.047249128779412,-0.068428654093363,0.03403189295112,0.01984441760694,-0.028739721200982,0.01429323911621,,,,,,
343,0.332810860994225,0.046714700392088,-0.068442711027504,0.035157335979965,0.015547159658578,-0.022778477585843,0.011700743257755,,,,,,
344,0.304681754060213,0.046179860019703,-0.068440267123433,0.036269470987955,0.014070160753058,-0.020852500635517,0.011050646039446,,,,,,
345,0.418765598813586,0.045644730451712,-0.06842144671784,0.037367824544121,0.019114442880296,-0.028652548106488,0.01564835942158,,,,,,
346,0.30600802999795,0.045109433680339,-0.06838638004684,0.038451932548633,0.013803848934844,-0.020926781436825,0.011766600128821,,,,,,
347,0.492542712113722,0.044574090858552,-0.068335203152224,0.039521340463388,0.021954643601475,-0.033658006293439,0.019465948218207,,,,,,
348,0.348497088221464,0.044038822258645,-0.068268057785068,0.040575603535858,0.015347401325841,-0.023791219356631,0.014140479685075,,,,,,
349,0.467656952700177,0.043503747231437,-0.068185091306784,0.041614287016106,0.020344829861293,-0.031887232020114,0.019461210654743,,,,,,
350,0.082413581065603,0.042968984166112,-0.068086456587661,0.042636966366825,0.00354122785988,-0.005611248709457,0.003513865084064,,,,,,
351,0.130939606216617,0.042434650450711,-0.06797231190298,0.043643227466294,0.005556376419956,-0.008900267754209,0.005714627018459,,,,,,
352,0.07119569804314,0.0419008624333,-0.067842820826766,0.044632666804144,0.002983161149548,-0.004830116985977,0.003177653868648,,,,,,
353,0.230928754868036,0.041367735383826,-0.067698152123253,0.045604891669819,0.009552999623897,-0.01563344997669,0.010531480849203,,,,,,
354,0.308515897225672,0.040835383456673,-0.067538479636123,0.046559520333644,0.01259836496569,-0.020836694642196,0.014364352190131,,,,,,
355,0.346628244854652,0.040303919653948,-0.067363982175606,0.047496182220394,0.013970476930411,-0.02335025890795,0.016463518280352,,,,,,
356,0.222476760028455,0.039773455789487,-0.067174843403512,0.048414518075278,0.00884866957918,-0.014944841515832,0.010771105119727,,,,,,
357,0.058278976114976,0.039244102453625,-0.06697125171626,0.049314180122265,0.002287106109549,-0.003903015979162,0.002873979925475,,,,,,
358,0.224381774557205,0.038715968978722,-0.066753400125996,0.050194832214656,0.008687157823147,-0.014978246377998,0.011262805525926,,,,,,
359,-0.174779054485827,0.038189163405464,-0.066521486139869,0.051056149977844,-0.006674665871612,0.011626562450518,-0.008923545618814,,,,,,
360,-0.16709871110093,0.037663792449961,-0.066275711637536,0.051897820944184,-0.006293571173561,0.011074585991929,-0.00867205898872,,,,,,
361,-0.031695583501127,0.03713996147164,-0.066016282746995,0.052719544679923,-0.001177172750053,0.002092424602241,-0.001670976730544,,,,,,
362,-0.034236004774593,0.036617774441958,-0.065743409718807,0.053521032904125,-0.00125364630063,0.002250791689031,-0.001832346338047,,,,,,
363,0.04596148976959,0.036097333913939,-0.06545730679879,0.05430200959954,0.001659087243395,-0.003008515336777,0.002495801258677,,,,,,
364,0.092789881720301,0.035578740992546,-0.065158192099282,0.055062211115387,0.003301347168456,-0.006046020938001,0.005109216056655,,,,,,
365,0.009449354344759,0.035062095305907,-0.06484628746903,0.055801386261991,0.000331314162615,-0.000612755548237,0.000527287071718,,,,,,
366,-0.107764742762753,0.034547494977389,-0.064521818361806,0.056519296397257,-0.003723001909336,0.006953177158345,-0.006090787437382,,,,,,
367,-0.318559423190538,0.034035036598547,-0.064185013703826,0.057215715504949,-0.010842181627102,0.020446740942968,-0.018226605328691,,,,,,
368,-0.15629559073536,0.033524815202949,-0.063836105760054,0.057890430264754,-0.005239780796439,0.009977301860013,-0.009048018996154,,,,,,
369,-0.35493555504648,0.033016924240874,-0.063475329999475,0.058543240114103,-0.011718880331362,0.022529651485122,-0.020779077424119,,,,,,
370,-0.080038341431655,0.032511455554923,-0.06310292495942,0.059173957301768,-0.002602162980145,0.005050653453238,-0.004736185398381,,,,,,
371,-0.159743908173477,0.032008499356505,-0.062719132109033,0.059782406933192,-0.005113162781976,0.010018999280346,-0.009549875323525,,,,,,
372,0.045681766117267,0.031508144203252,-0.06232419571195,0.060368427007588,0.001439347674282,-0.00284707933196,0.002757736363428,,,,,,
373,0.009622493639904,0.031010476977329,-0.061918362688293,0.060931868446793,0.000298398117485,-0.000595809051161,0.000586316516597,,,,,,
374,-0.049330230651443,0.030515582864675,-0.061501882476041,0.061472595115899,-0.001505340741178,0.003033902048041,-0.00303245729581,,,,,,
375,-0.043832214036822,0.030023545335158,-0.061075006891888,0.061990483835675,-0.001315998465275,0.002677052774386,-0.002717180155731,,,,,,
376,0.011922135545401,0.029534446123665,-0.060637989991649,0.062485424386806,0.000352113669945,-0.000722934335881,0.000744959699151,,,,,,
377,-0.089981793848491,0.029048365212123,-0.060191087930306,0.062957319505981,-0.002613824010153,0.005416102065661,-0.005665012545041,,,,,,
378,0.087113420706785,0.028565380812449,-0.05973455882179,0.063406084873858,0.002488428036364,-0.005203681753377,0.005523520946987,,,,,,
379,-0.038138873147735,0.028085569350448,-0.059268662598562,0.063831649094959,-0.001071151966739,0.002260440004482,-0.002434467167643,,,,,,
380,0.186305598090163,0.027609005450651,-0.058793660871089,0.064233953669523,0.005143712273158,-0.010953588152498,0.011967145156096,,,,,,
381,0.137510700635407,0.027135761922085,-0.058309816787299,0.064612952957386,0.003731457634181,-0.008018223760344,0.008884972431293,,,,,,
382,-0.103584562148085,0.026665909745006,-0.057817394892093,0.064968614133941,-0.002762176585217,0.00598898953444,-0.006729745448432,,,,,,
383,-0.050452742376928,0.026199518058559,-0.057316660986995,0.065300917138225,-0.001321837535008,0.002891782730683,-0.003294610349352,,,,,,
384,0.177528062793137,0.025736654149399,-0.056807881990027,0.065609854613225,0.00456897835392,-0.010084993241071,0.011647590389625,,,,,,
385,0.07510580064867,0.025277383441244,-0.056291325795891,0.065895431838455,0.001898478121658,-0.004227805093475,0.004949129167317,,,,,,
386,0.157465124971365,0.024821769485384,-0.055767261136528,0.066157666654895,0.003908563034026,-0.008781398744174,0.010417525247627,,,,,,
387,0.136304995237464,0.024369873952127,-0.055235957442153,0.066396589382362,0.003321735552982,-0.007528936916089,0.009050186799547,,,,,,
388,0.397219643352343,0.023921756623188,-0.054697684702822,0.066612242729419,0.009502191634224,-0.021726994809854,0.026459691299879,,,,,,
389,0.305103750949493,0.023477475385018,-0.054152713330634,0.066804681695891,0.007163065802793,-0.016522195961269,0.020382358966403,,,,,,
390,0.147867710003738,0.023037086223066,-0.053601314022626,0.066973973468109,0.003406441184963,-0.007925903557717,0.00990328808658,,,,,,
391,0.164916384330653,0.022600643216982,-0.053043757624448,0.067120197306967,0.003727216362892,-0.008747784718735,0.011069220255425,,,,,,
392,0.472769143587456,0.02216819853674,-0.052480314994898,0.067243444428903,0.010480440237091,-0.024811073575338,0.031790625634523,,,,,,
393,0.488720626002243,0.021739802439691,-0.051911256871377,0.067343817879922,0.010624689857491,-0.025370101954743,0.032912312831657,,,,,,
394,0.340430919109225,0.021315503268535,-0.05133685373636,0.067421432402768,0.007256456368983,-0.017476652301645,0.022952340200535,,,,,,
395,0.446171282508832,0.020895347450208,-0.050757375684933,0.067476414297367,0.009322903970327,-0.022646483406129,0.030106038306153,,,,,,
396,0.210033880321682,0.020479379495675,-0.050173092293491,0.067508901274671,0.004301363542057,-0.01053804926214,0.014179156490973,,,,,,
397,0.155753023306285,0.02006764200063,-0.049584272489647,0.067519042304024,0.003125595912226,-0.007722900348705,0.010516294969597,,,,,,
398,-0.02287825992597,0.019660175647086,-0.048991184423442,0.067506997454181,-0.000449790608644,0.001120833051321,-0.001544442634579,,,,,,
399,-0.056353464594461,0.019257019205861,-0.048394095339907,0.067472937728128,-0.001085199750012,0.002727174938318,-0.003802333807346,,,,,,
400,-0.241056680210757,0.018858209539936,-0.047793271453056,0.067417044891827,-0.004545897386416,0.011520887352885,-0.016251329031243,,,,,,
401,-0.243251064035014,0.018463781608688,-0.047188977821377,0.067339511297046,-0.004491334522424,0.011478769065775,-0.016380407774604,,,,,,
402,-0.195059019279229,0.018073768472996,-0.046581478224877,0.067240539698406,-0.003525451553022,0.009086137459121,-0.013115873729377,,,,,,
403,-0.122644353078769,0.017688201301185,-0.045971035043751,0.067120343064808,-0.002169358005711,0.005638087853302,-0.008231931053608,,,,,,
404,-0.030809390033639,0.01730710937583,-0.045357909138739,0.066979144385383,-0.000533221483115,0.001397449513766,-0.002063586583489,,,,,,
405,0.06379266689977,0.016930520101385,-0.04474235973323,0.066817176470134,0.001080043029268,-0.002854234450772,0.004262445881742,,,,,,
406,0.106958125851529,0.016558459012646,-0.044124644297166,0.066634681745418,0.001771061742982,-0.00471948925789,0.007127120676203,,,,,,
407,0.478954412278904,0.016190949784022,-0.043505018432817,0.066431912044445,0.007754726838043,-0.020836920534673,0.031817857389811,,,,,,
408,0.365835131843885,0.015828014239607,-0.042883735762476,0.066209128392944,0.005790443676174,-0.015688377126624,0.024221625214902,,,,,,
409,0.156838158164434,0.015469672364055,-0.042261047818124,0.065966600790181,0.002426234920986,-0.006628144901894,0.010346080168301,,,,,,
410,0.353006426409771,0.015115942314218,-0.04163720393313,0.065704607985485,0.005336024778158,-0.014698200566129,0.023194148863611,,,,,,
411,0.140151195456902,0.014766840431569,-0.041012451136028,0.065423437250467,0.002069590339606,-0.005747944055332,0.009169172941553,,,,,,
412,-0.051264182109743,0.014422381255366,-0.040387034046432,0.065123384147108,-0.000739351579131,0.002070408268229,-0.00333849702452,,,,,,
413,-0.008558940908378,0.014082577536563,-0.039761194773119,0.064804752291878,-0.000120531948973,0.00034031371651,-0.000554660045448,,,,,,
414,0.069757291503394,0.013747440252452,-0.03913517281435,0.064467853116094,0.000958984197116,-0.002729963658046,0.004497102822417,,,,,,
415,-0.039820832177866,0.013416978622017,-0.038509204960459,0.064113005622669,-0.000534275254041,0.001533468588033,-0.002553033237319,,,,,,
416,-0.191984470514475,0.013091200121988,-0.037883525198753,0.06374053613946,-0.002513307123819,0.007273048526504,-0.012237193081043,,,,,,
417,-0.088213024029709,0.012770110503584,-0.037258364620775,0.063350778069383,-0.001126490064715,0.0032866730136,-0.005588363708135,,,,,,
418,0.082534151605397,0.012453713809925,-0.036633951331963,0.062944071637493,0.001027856703639,-0.003023552093137,0.00519503555119,,,,,,
419,0.086751709087402,0.012142012394107,-0.03601051036374,0.062520763635216,0.001053340326949,-0.003123973319164,0.005423783098804,,,,,,
420,0.148530847972606,0.011835006937913,-0.035388263588081,0.062081207161909,0.00175786361625,-0.005256248799016,0.009220974342921,,,,,,
421,0.027531077056632,0.01153269647115,-0.034767429634584,0.061625761363959,0.000317507555218,-0.000957184784331,0.001696623584785,,,,,,
422,0.360288887013347,0.011235078391608,-0.034148223810078,0.061154791171594,0.00404787388922,-0.012303225550016,0.022033391646747,,,,,,
423,0.177998287898335,0.010942148485598,-0.033530858020807,0.060668667033611,0.001947683696366,-0.005968435319466,0.010798918861057,,,,,,
424,0.421044382015698,0.010653900949081,-0.032915540697203,0.060167764650205,0.004485765141162,-0.013858903491566,0.025333299284412,,,,,,
425,0.304090958415221,0.010370328409356,-0.032302476721295,0.059652464704092,0.003153523105082,-0.009822891105364,0.018139775163697,,,,,,
426,0.644666562172199,0.010091421947294,-0.031691867356767,0.059123152590125,0.006505602294191,-0.020430687177705,0.038114719525059,,,,,,
427,0.78356382401524,0.0098171711201,-0.031083910181688,0.058580218143596,0.007692380143877,-0.024356227527309,0.045901339740243,,,,,,
428,0.780826872761909,0.009547563984591,-0.030478799023938,0.058024055367405,0.007454994528582,-0.0237986653274,0.045306741697494,,,,,,
429,0.646607747862887,0.009282587120965,-0.029876723899358,0.057455062158306,0.006002192752628,-0.019318521154085,0.037150888345504,,,,,,
430,0.549114409385211,0.009022225657052,-0.029277870952627,0.056873640032415,0.004954234113012,-0.016076900816209,0.031230135255987,,,,,,
431,0.510772977730621,0.008766463293024,-0.028682422400892,0.056280193850172,0.004477672560344,-0.014650206298231,0.028746402200109,,,,,,
432,0.248170342058621,0.008515282326548,-0.02809055648016,0.055675131540943,0.002113240527705,-0.006971243010298,0.013816916438675,,,,,,
433,0.244577339972751,0.008268663678365,-0.027502447394471,0.055058863827476,0.002022327767584,-0.00672647542648,0.013466150456846,,,,,,
434,0.320717635852856,0.008026586918273,-0.026918265267851,0.054431803950367,0.002574267980396,-0.008633162397965,0.017457239478168,,,,,,
435,0.355032011478315,0.00778903029151,-0.02633817609907,0.053794367392758,0.00276535509186,-0.009350895639123,0.019098722461654,,,,,,
436,0.148229421623121,0.007555970745495,-0.025762341719189,0.053146971605437,0.001120017173406,-0.003818737012693,0.007877944862094,,,,,,
437,-0.042685588203378,0.007327383956935,-0.025190919751925,0.052490035732528,-0.000312773694194,0.001075289226995,-0.002240568050059,,,,,,
438,0.098955859125381,0.007103244359256,-0.024624063576816,0.051823980337967,0.000702907648148,-0.002436695366402,0.00512828649764,,,,,,
439,-0.145154872858366,0.006883525170366,-0.024061922295203,0.051149227132936,-0.000999177220922,0.003492705271488,-0.007424559561285,,,,,,
440,-0.043814128455853,0.0066681984207,-0.023504640699015,0.050466198704446,-0.000292161302174,0.001029835346895,-0.002211132512715,,,,,,
441,0.088478279217256,0.006457234981561,-0.022952359242366,0.049775318245247,0.00057132503967,-0.002030785249741,0.004404034505831,,,,,,
442,0.180072101182797,0.006250604593716,-0.022405214015947,0.049077009285247,0.001125559502853,-0.004034553965302,0.008837400181762,,,,,,
443,0.224333546341287,0.006048275896234,-0.021863336724221,0.048371695424606,0.001356831181053,-0.004904679862198,0.010851393977143,,,,,,
444,0.233062853422395,0.005850216455558,-0.021326854665399,0.0476598000687,0.001363468140271,-0.004970497602843,0.011107728997552,,,,,,
445,-0.172259130204126,0.005656392794782,-0.020795890714194,0.046941746165103,-0.000974365302922,0.003582282046247,-0.008086144364663,,,,,,
446,-0.073795198881105,0.005466770423108,-0.020270563307343,0.046217955942782,-0.000403421410611,0.001495870250697,-0.003410663250676,,,,,,
447,-0.070854483415522,0.005281313865491,-0.019750986431881,0.045488850653653,-0.000374204765695,0.001399445940578,-0.00322308901423,,,,,,
448,0.035137872412255,0.005099986692425,-0.019237269616147,0.044754850316673,0.000179202681703,-0.000675956725332,0.001572590220257,,,,,,
449,0.316666465715767,0.004922751549868,-0.018729517923513,0.044016373464632,0.001558870334894,-0.005931010245399,0.01393850941867,,,,,,
450,0.440504467138499,0.004749570189284,-0.018227831948817,0.043273836893795,0.002092206885367,-0.008029441399704,0.01906231846194,,,,,,
451,0.546473914563715,0.004580403497782,-0.017732307817472,0.042527655416561,0.002503071029714,-0.009690243667263,0.023240254332705,,,,,,
452,0.414208032409361,0.004415211528342,-0.017243037187235,0.041778241617291,0.001828816079826,-0.007142204506086,0.017304883257821,,,,,,
453,0.39686998878694,0.004253953530098,-0.016760107252616,0.041026005611447,0.00168826648979,-0.006651583577414,0.016281990386988,,,,,,
454,0.407407853964962,0.004096587978668,-0.016283600751891,0.0402713548082,0.001668982116968,-0.00663406683715,0.016406866238671,,,,,,
455,0.086158502031614,0.00394307260652,-0.015813595976703,0.03951469367665,0.00033972922918,-0.001362475741086,0.003404526815418,,,,,,
456,0.055830188451754,0.003793364433334,-0.01535016678422,0.038756423515783,0.000211784251179,-0.000857002704329,0.002163778428602,,,,,,
457,0.152991957944996,0.003647419796376,-0.014893382611813,0.037996942228332,0.000558025896095,-0.002278567766205,0.005813226587435,,,,,,
458,-0.115577713741424,0.003505194380833,-0.014443308494237,0.037236644098644,-0.000405122352756,0.001669324574626,-0.004303726192324,,,,,,
459,0.016195034905171,0.003366643250115,-0.014000005083267,0.036475919574704,5.45229049488662E-05,-0.000226730570996,0.000590728790711,,,,,,
460,0.121523047058682,0.003231720876101,-0.013563528669769,0.035715155054434,0.000392728568107,-0.001648281332818,0.004340214468388,,,,,,
461,0.12474228047119,0.003100381169311,-0.013133931208158,0.034954732676389,0.00038674861739,-0.001638356530457,0.004360333067314,,,,,,
462,0.169582464220692,0.00297257750898,-0.012711260343215,0.034195030114975,0.00050409701906,-0.002155606852353,0.005798877470998,,,,,,
463,0.371393433728403,0.002848262773042,-0.012295559439228,0.03343642038029,0.001057826091441,-0.004566490039747,0.012418066976622,,,,,,
464,0.58893885867927,0.002727389367975,-0.011886867611401,0.032679271622717,0.001606265581549,-0.00700063824433,0.019246092931953,,,,,,
465,0.314025970894272,0.002609909258519,-0.011485219759509,0.031923946942357,0.000819579288852,-0.003606657285914,0.010024948433351,,,,,,
466,0.178118858438129,0.002495773997238,-0.011090646603751,0.03117080420342,0.000444544415308,-0.001975453312401,0.005552108061312,,,,,,
467,0.329133459530498,0.002384934753914,-0.010703174722751,0.030420195853657,0.00078496182631,-0.003522772924459,0.010012304300909,,,,,,
468,0.478845898793089,0.002277342344754,-0.010322826593678,0.029672468748941,0.001090496041933,-0.004943043178335,0.014208539967496,,,,,,
469,0.465221427796332,0.002172947261401,-0.009949620634419,0.028927963983076,0.001010901627475,-0.004628776717576,0.013457908707448,,,,,,
470,0.36044562871508,0.002071699699739,-0.009583571247783,0.028187016722926,0.000746735100781,-0.003454356363743,0.010159886964298,,,,,,
471,0.636503936628124,0.001973549588455,-0.00922468886767,0.027449956048936,0.001256172082182,-0.005871550778442,0.017472005085417,,,,,,
472,1,0.001878446617375,-0.008872980007165,0.026717104801134,0.001878446617375,-0.008872980007165,0.026717104801134,,,,,,
473,0.773725267968025,0.00178634026554,-0.008528447308507,0.025988779430673,0.001382136600637,-0.006598675179125,0.020108175329159,,,,,,
474,0.805182121800359,0.001697179829011,-0.00819108959488,0.025265289856988,0.0013665388558,-0.006595318899862,0.02034315969495,,,,,,
475,0.759907884107597,0.001610914448395,-0.007860901923986,0.024546939330628,0.001224146589958,-0.005973561348233,0.018653412728055,,,,,,
476,0.802770711004473,0.001527493136078,-0.007537875643329,0.023834024301823,0.001226226750904,-0.006051185789659,0.019133256634872,,,,,,
477,0.47967783551767,0.001446864803152,-0.00722199844718,0.023126834294838,0.000694028977063,-0.003464232583255,0.011093429816924,,,,,,
478,0.271874510182182,0.001368978286019,-0.006913254435149,0.022425651788158,0.000372190300961,-0.001879537663321,0.006096963095422,,,,,,
479,0.240297085810053,0.001293782372665,-0.006611624172327,0.021730752100564,0.000310892133824,-0.001588754021081,0.005221836402226,,,,,,
480,0.254403838965987,0.0012212258286,-0.006317084750936,0.02104240328312,0.00031068453904,-0.001607090611712,0.005353268176296,,,,,,
481,0.059325528400391,0.001151257422432,-0.00602960985343,0.020360866017118,6.82989549106611E-05,-0.000357709790603,0.001207919135155,,,,,,
482,-0.001409228469116,0.001083825951085,-0.005749169816997,0.019686393518014,-1.52735838583496E-06,8.10189377989372E-06,-2.77426261998033E-05,,,,,,
483,0.256079769469128,0.001018880264638,-0.005475731699399,0.019019231445368,0.000260914623285,-0.001402224111257,0.00487044040401,,,,,,
484,0.092378736179602,0.000956369290783,-0.005209259346105,0.018359617818824,8.83481864035179E-05,-0.000481224794825,0.001696038290843,,,,,,
485,-0.122162070919592,0.000896242058884,-0.004949713458647,0.017707782940134,-0.000109486785959,0.000604667246567,-0.002163219435361,,,,,,
486,-0.136003568887978,0.000838447723631,-0.004697051664148,0.017063949321252,-0.00011403188274,0.000638815789575,-0.002320758007014,,,,,,
487,0.015378772350764,0.000782935588284,-0.004451228585967,0.016428331618487,1.20405881775366E-05,-6.84544311048031E-05,0.000252647572064,,,,,,
488,0.041916348159491,0.000729655127491,-0.004212195915397,0.015801136572736,3.05844783602619E-05,-0.000176559870506,0.000662325941898,,,,,,
489,0.418548571841956,0.000678556009674,-0.00397990248436,0.015182562955785,0.000284008648764,-0.001665782500899,0.006354640042044,,,,,,
490,0.351631922256116,0.000629588118981,-0.003754294339048,0.014572801522675,0.000221383280507,-0.001320129735155,0.005124262212075,,,,,,
491,0.747585574940619,0.000582701576785,-0.003535314814435,0.013972034970123,0.0004356192933,-0.002642950358146,0.01044529179623,,,,,,
492,0.664910355803663,0.000537846762732,-0.003322904609618,0.013380437900976,0.000357619882376,-0.002209433686283,0.008896791725547,,,,,,
493,0.282171234280616,0.000494974335326,-0.00311700186392,0.012798176794693,0.000139667519136,-0.000879528263197,0.0036112773427,,,,,,
494,0.299678076658749,0.000454035252045,-0.002917542233697,0.012225409983818,0.000136064411068,-0.000874323445165,0.003663687350315,,,,,,
495,-0.030499523746368,0.000414980788987,-0.002724458969791,0.011662287636414,-1.26567164279935E-05,8.3094701045149E-05,-0.000355694218704,,,,,,
496,-0.209479255838628,0.000377762560029,-0.002537682995569,0.011108951744446,-7.91334199585259E-05,0.000531591945466,-0.002327094944574,,,,,,
497,-0.437249062564053,0.000342332535505,-0.002357142985494,0.010565536118047,-0.000149684580235,0.001030658560737,-0.004619770763103,,,,,,
498,0.000948769577641,0.000308643060392,-0.002182765444163,0.010032166385651,2.92831146049812E-07,-2.07094144854863E-06,9.51821426454259E-06,,,,,,
